[
  { "city": "Ajmer", "state": "Rajasthan", "pincode": "305001" },
  { "city": "Mumbai", "state": "Maharashtra", "pincode": "400001" },
  { "city": "Delhi", "state": "Delhi", "pincode": "110001" },
  { "city": "Bengaluru", "state": "Karnataka", "pincode": "560001" },
  { "city": "Ahmedabad", "state": "Gujarat", "pincode": "380001" },
  { "city": "Hyderabad", "state": "Telangana", "pincode": "500001" },
  { "city": "Chennai", "state": "Tamil Nadu", "pincode": "600001" },
  { "city": "Kolkata", "state": "West Bengal", "pincode": "700001" },
  { "city": "Pune", "state": "Maharashtra", "pincode": "411001" },
  { "city": "Jaipur", "state": "Rajasthan", "pincode": "302001" },
  { "city": "Surat", "state": "Gujarat", "pincode": "395001" },
  { "city": "Lucknow", "state": "Uttar Pradesh", "pincode": "226001" },
  { "city": "Kanpur", "state": "Uttar Pradesh", "pincode": "208001" },
  { "city": "Nagpur", "state": "Maharashtra", "pincode": "440001" },
  { "city": "Patna", "state": "Bihar", "pincode": "800001" },
  { "city": "Indore", "state": "Madhya Pradesh", "pincode": "452001" },
  { "city": "Thane", "state": "Maharashtra", "pincode": "400601" },
  { "city": "Bhopal", "state": "Madhya Pradesh", "pincode": "462001" },
  { "city": "Visakhapatnam", "state": "Andhra Pradesh", "pincode": "530001" },
  { "city": "Vadodara", "state": "Gujarat", "pincode": "390001" },
  { "city": "Firozabad", "state": "Uttar Pradesh", "pincode": "283203" },
  { "city": "Ludhiana", "state": "Punjab", "pincode": "141001" },
  { "city": "Rajkot", "state": "Gujarat", "pincode": "360001" },
  { "city": "Agra", "state": "Uttar Pradesh", "pincode": "282001" },
  { "city": "Siliguri", "state": "West Bengal", "pincode": "734001" },
  { "city": "Nashik", "state": "Maharashtra", "pincode": "422001" },
  { "city": "Faridabad", "state": "Haryana", "pincode": "121001" },
  { "city": "Patiala", "state": "Punjab", "pincode": "147001" },
  { "city": "Meerut", "state": "Uttar Pradesh", "pincode": "250001" },
  { "city": "Varanasi", "state": "Uttar Pradesh", "pincode": "221001" },
  { "city": "Srinagar", "state": "Jammu and Kashmir", "pincode": "190001" },
  { "city": "Dhanbad", "state": "Jharkhand", "pincode": "826001" },
  { "city": "Jodhpur", "state": "Rajasthan", "pincode": "342001" },
  { "city": "Amritsar", "state": "Punjab", "pincode": "143001" },
  { "city": "Raipur", "state": "Chhattisgarh", "pincode": "492001" },
  { "city": "Allahabad", "state": "Uttar Pradesh", "pincode": "211001" },
  { "city": "Coimbatore", "state": "Tamil Nadu", "pincode": "641001" },
  { "city": "Jabalpur", "state": "Madhya Pradesh", "pincode": "482001" },
  { "city": "Gwalior", "state": "Madhya Pradesh", "pincode": "474001" },
  { "city": "Vijayawada", "state": "Andhra Pradesh", "pincode": "520001" },
  { "city": "Madurai", "state": "Tamil Nadu", "pincode": "625001" }
]

